output_id,annotator_id,timestamp_utc,question_id,arm,groundedness,completeness,numeric_fidelity,constraint_satisfaction,overall_pass,failure_tags,notes
e2d2913c,nicolo,2026-05-14T14:07:39.904262+00:00,Q010,A1,4,4,4,4,1,,Correctly identifies the construction year as 1957 from the nybyggar field and answers the question directly without introducing unsupported claims.
a27fbacd,nicolo,2026-05-14T14:07:39.904262+00:00,Q004,A1,3,4,4,3,1,irrelevant_extras,"Correctly answers that the building has 2 above-ground floors, but introduces an unsupported claim about 1 basement level not present in the provided evidence."
8014f921,nicolo,2026-05-14T14:07:39.904262+00:00,Q011,A1,3,4,4,4,1,irrelevant_extras,"Correctly states that the EPC data does not contain construction material information and avoids fabrication, but includes unsupported extra details about basement levels and heating systems."
f5a1b740,nicolo,2026-05-14T14:07:39.904262+00:00,Q017,A2,4,1,4,4,1,partial_answer,"Correctly avoids fabricating or selecting a building without a full address, but does not explicitly explain that the address is incomplete or ambiguous."
0a76bdef,nicolo,2026-05-14T14:07:39.904262+00:00,Q006,A2,4,4,4,4,1,,Correctly reports both the building category and construction year directly from the EPC fields without adding unsupported information.
1022642b,nicolo,2026-05-14T14:07:39.904262+00:00,Q005,A2,4,4,4,4,1,,Correctly identifies the building type as Gavel and remains fully consistent with the EPC cache data.
4486760d,nicolo,2026-05-14T14:07:39.904262+00:00,Q011,A2,4,4,4,4,1,,Correctly states that construction material is not available in the EPC data and avoids fabricating or inferring a material type.
44434f9d,nicolo,2026-05-14T14:07:39.904262+00:00,Q012,A1,1,1,0,0,0,"unsupported_claim,numeric_mismatch",The response fabricates a renovation year (2008) that is not present in the cache or allowed EPC fields. This directly violates the instruction to avoid inferring renovation history and incorrectly treats a non-provided field as evidence.
79b8b47d,nicolo,2026-05-14T14:07:39.904262+00:00,Q005,A1,4,4,4,4,1,,Correctly extracts the building type “Gavel” directly from the cache anchors and provides a fully supported answer without introducing unsupported or fabricated information.
1ecd4e98,nicolo,2026-05-14T14:07:39.904262+00:00,Q013,A2,0,0,0,0,0,"unsupported_claim,numeric_mismatch,constraint_violation","Completely incorrect interpretation of EPC fields; uses forsta (1901) as if it were a construction year and fabricates an age (~125 years), contradicting the true construction year (1957) and all constraints about correct temporal reasoning."
c6f4403c,nicolo,2026-05-14T14:07:39.904262+00:00,Q002,A2,4,4,4,4,1,,"Correctly identifies the construction year as 1957, fully grounded in the cache anchor nybyggar=1957, with no unsupported claims or misinterpretation of unrelated fields."
602df544,nicolo,2026-05-14T14:07:39.904262+00:00,Q009,A2,4,4,4,4,1,,Correctly extracts Atemp = 94 m² directly from the cache anchors without adding or inferring any unsupported information.
3a4efa9f,nicolo,2026-05-14T14:07:39.904262+00:00,Q004,A2,3,3,4,4,1,irrelevant_extras,"Correctly identifies 2 above-ground floors from plan=2, but adds unsupported basement/cellar level not present in cache anchors or gold data, introducing extra ungrounded information."
657b083c,nicolo,2026-05-14T14:07:39.904262+00:00,Q019,A1,4,4,4,4,1,,"Correctly identifies the building type as Mellanliggande from the cache anchors and correctly concludes that it is not Friliggande, without introducing unsupported or conflicting data."
e0f8783d,nicolo,2026-05-14T14:07:39.904262+00:00,Q013,A1,4,4,4,4,1,,"Correctly uses the provided construction year (1957) to compute age in 2026 (~69 years) and correctly concludes that the building is under 75 years old, fully aligned with constraints and cache anchors."
47c0327c,nicolo,2026-05-14T14:07:39.904262+00:00,Q015,A2,4,4,4,4,1,,Correctly requests clarification instead of fabricating or guessing a heated area for an unspecified building.
09d5356d,nicolo,2026-05-14T14:07:39.904262+00:00,Q016,A2,4,4,4,4,1,,Correctly states that rent information is unavailable and avoids fabricating rental values or treating rent as an EPC field.
f8c129ef,nicolo,2026-05-14T14:07:39.904262+00:00,Q007,A2,4,4,4,4,1,,Correctly reports the heated area as 95 m² directly from the EPC cache data without adding unsupported information.
007dfcac,nicolo,2026-05-14T14:07:39.904262+00:00,Q014,A1,4,4,4,4,1,,Correctly indicates that no EPC/building data could be found for the provided address and avoids fabricating a heated area value.
396a1388,nicolo,2026-05-14T14:07:39.904262+00:00,Q003,A2,4,4,4,4,1,,Correctly reports the heated area (Atemp) as 132 m² directly from the cache anchors without adding unsupported information.
5f56902a,nicolo,2026-05-14T14:07:39.904262+00:00,Q001,A2,4,4,4,4,1,,"Correctly reports the heated area (Atemp) as 270 m² for Loviselundsvägen 81, fully consistent with the provided cache anchors."
1f18eb2e,nicolo,2026-05-14T14:07:39.904262+00:00,Q012,A2,4,4,4,4,1,irrelevant_extras,"Correctly states that renovation history is not available in the EPC data and explicitly avoids confusing monitoring periods with renovation dates, but introduces unsupported extra metadata about EPC versions and approval dates."
7ebbebc9,nicolo,2026-05-14T14:07:39.904262+00:00,Q018,A2,4,4,4,4,1,,"Correctly identifies the construction year as 1947 and correctly concludes that the building was built before 1970, fully consistent with the cache anchors."
61daad44,nicolo,2026-05-14T14:07:39.904262+00:00,Q010,A2,4,4,4,4,1,,"Correctly states that the building was constructed in 1957, fully aligned with the cache anchor nybyggar=1957 and without introducing unsupported information."
11bd5455,nicolo,2026-05-14T14:07:39.904262+00:00,Q020,A1,4,4,4,4,1,,"Correctly reports Atemp as 152 m² and correctly concludes that it is not larger than 200 m², fully consistent with the cache anchors and task constraints."
10e71127,nicolo,2026-05-14T14:07:39.904262+00:00,Q017,A1,4,2,4,4,0,partial_answer,Response correctly refuses due to missing EPC data but fails to address the key ambiguity requirement (incomplete address / multiple possible matches as specified in gold expected facts).
c1d3642b,nicolo,2026-05-14T14:07:39.904262+00:00,Q020,A2,4,4,4,4,1,,"Answer correctly uses Atemp = 152 m² from gold data and correctly concludes it is not larger than 200 m²; fully grounded, complete, numerically consistent, and satisfies the comparison constraint."
d9834c76,nicolo,2026-05-14T14:07:39.904262+00:00,Q014,A2,4,4,4,4,1,,Correctly identifies absence of building data and avoids fabricating any Atemp value. Response is fully grounded in the “no entry exists” condition implied by the query; avoids hallucination and follows constraints.
9cb87eeb,nicolo,2026-05-14T14:07:39.904262+00:00,Q003,A1,4,4,4,4,1,,"Response exactly matches gold Atemp value (132 m²), correctly answers the question, and presents no contradictions or extra constraints violations. Fully grounded and complete."
03738e37,nicolo,2026-05-14T14:07:39.904262+00:00,Q001,A1,4,4,4,4,1,,Answer is fully consistent with gold data: correctly identifies Atemp = 270 m² and directly answers the question without omission or hallucination. No constraint violations or unsupported claims.
b6e958d0,nicolo,2026-05-14T14:07:39.904262+00:00,Q019,A2,4,4,4,4,1,,"Correctly uses cached building type “Mellanliggande” and correctly concludes it is not detached (Friliggande). No contradictions, no missing constraints, and all claims are supported by the provided ground truth."
ba654d47,nicolo,2026-05-14T14:07:39.904262+00:00,Q008,A2,4,4,4,4,1,,"Response directly matches gold expected fact (nybyggar = 1957 → built in 1957). No extra claims, no contradictions, and fully grounded in the provided cache."
e934a59a,nicolo,2026-05-14T14:07:39.904262+00:00,Q006,A1,4,4,4,4,1,,response matches gold expectation
6448c166,nicolo,2026-05-14T14:07:39.904262+00:00,Q007,A1,4,4,4,4,1,,ok with gold expectations
fff43c34,nicolo,2026-05-14T14:07:39.904262+00:00,Q009,A1,4,4,4,4,1,,very detailed
f2b507a9,nicolo,2026-05-14T14:07:39.904262+00:00,Q015,A1,4,4,4,4,1,,"correct question, concise."
a63dd82f,nicolo,2026-05-14T14:07:39.904262+00:00,Q016,A1,4,4,4,4,1,,
59c48dba,nicolo,2026-05-14T14:07:39.904262+00:00,Q018,A1,4,4,4,4,1,,
9eaaa8d7,nicolo,2026-05-14T14:07:39.904262+00:00,Q002,A1,4,4,4,4,1,,
9608c70f,nicolo,2026-05-14T14:07:39.904262+00:00,Q008,A1,4,4,4,4,1,,
