case_id,expected_route,question,final_answer,retrieved_evidence_summary,judge_verdict,judge_composite,judge_faithfulness,judge_answer_relevance,judge_question_coverage,judge_calibration,judge_semantic_judge_pass,judge_fail_open,judge_evidence_present
GEN_001,generic,How can an apartment building reduce heating costs?,"Here are several proven strategies an apartment‐building owner or housing association can pursue to bring down collective heating costs. Many of these measures are also recommended in your building’s Energy Performance Certificate (EPC, “energideklaration”) based on its current energy class (epc_egienergiklass), heated floor area (epc_egenatemp) and building configuration (number of floors and stairwells):

1. Review and Use Your EPC as a Roadmap  
   • Check the building’s current energy class (A–G). The EPC will normally list both the existing class and, if available, a projected class after recommended upgrades—focus first on the “Latest” target class.  
   • Look at the EPC’s specific improvement proposals—these are tailored to your building’s size (Atemp), typology and construction era.

2. Improve the Building Envelope  
   • Wall insulation: Add or upgrade external or cavity‐wall insulation to reduce heat losses through façades.  
   • Roof and attic: Insulate lofts and flat roo",(no evidence retrieved),pass,9.0,,10,10,7,True,False,False
GEN_002,generic,What does an energy declaration usually tell a building board?,"An energy declaration (in Sweden often called an “energideklaration” or EPC) is a standardized report that gives a building board a clear, comparable overview of a building’s current energy performance and potential improvements.  It typically includes the following information:

1. Energy classification (epc_egienergiklass)  
   • A rating (A–G) that summarises the building’s overall energy efficiency.  
   • If the building has been assessed more than once, the latest declaration carries the valid class.  

2. Key building characteristics  
   • Heated floor area (epc_egenatemp), expressed in m² A-temp.  
   • Number of above-ground floors (epc_egenantalplan).  
   • Number of stairwells or staircases (epc_egenantaltrapphus).  
   • Building type (epc_egenbyggnadstyp), e.g. detached house, apartment block.  
   • Owner-built flag (epc_egennybyggar) indicating if it’s a self-build project.  

3. Measured and calculated energy use  
   • Annual delivered energy demand (kWh/m² and total",(no evidence retrieved),pass,9.333333333333334,,10,10,8,True,False,False
COMB_001,combined,What should our building prioritize if we want to reduce heating costs?,"To reduce a building’s heating costs, you should focus on measures that improve its overall thermal performance and heating-system efficiency. Key priorities include:

• Enhance the building envelope  
  – Add or upgrade insulation in walls, roof and basement or crawl-space ceilings  
  – Replace or retrofit windows and doors with high-performance, airtight models  
  – Seal air leaks around penetrations, pipes and ductwork to improve airtightness  

• Optimize ventilation and heat recovery  
  – Install a mechanical ventilation system with heat-recovery (MVHR) to retain warmth while ensuring fresh air  
  – Ensure existing exhaust-only or supply-only systems are well balanced and ductwork is insulated  

• Upgrade or maintain the heating system  
  – Service boilers, heat pumps or furnaces annually to preserve efficiency  
  – If you have an older gas or oil boiler, consider replacing it with a modern condensing boiler or an electric heat pump  
  – Zone your heating (multiple thermos",(no evidence retrieved),pass,9.666666666666666,,10,10,9,True,False,False
CLAR_001,clarification,What should our building prioritize?,"To give you targeted advice I’ll need a bit more information about your building (type, location, current condition and your project goals). In the meantime, here is a general framework of priorities you can use:

1. Regulatory compliance and safety  
   • Structural integrity & fire safety (e.g. alarms, escape routes)  
   • Accessibility (ramps, lifts, door widths, signage)  
   • Local building codes and standards  

2. Energy performance and sustainability  
   • Building envelope: insulation, airtightness, high-performance windows  
   • HVAC systems: high-efficiency heat pumps or boilers, smart controls  
   • Ventilation: balanced systems with heat recovery for good indoor air quality  
   • Renewable energy: solar PV, solar thermal or biomass where feasible  
   • Targeting a strong EPC class (latest certificate)  

3. Indoor environmental quality  
   • Thermal comfort: consistent temperatures, avoiding cold bridges  
   • Acoustics: sound insulation between rooms and from out",(no evidence retrieved),pass,10.0,,10,10,10,True,False,False
EKR_GEN_001,generic,Are direct-acting electric radiators energy efficient?,"Direct-acting electric radiators are very effective at converting the electricity you pay for into heat—in fact, at the point of use they approach 100 percent “efficiency,” since virtually all the electric energy ends up as room warmth. However, whether they are energy-efficient in the broader sense depends on two main factors:

1. Primary-energy and CO₂ implications  
   • Electricity generation is rarely loss-free. If your grid mix relies heavily on fossil fuels, a large portion of the energy will have been lost in generation and transmission before it ever reaches your radiator.  
   • From that standpoint, direct electric heating typically has a higher primary-energy factor (and CO₂ footprint) than district heating, natural gas boilers or heat pumps—unless your electricity is sourced from renewables.

2. Operating cost and suitability  
   • Electricity is usually more expensive per kWh of useful heat than gas, oil or district heating. Even if your radiators convert 100 % of the el",(no evidence retrieved),pass,10.0,,10,10,10,True,False,False
EKR_GEN_002,generic,What tips are there for optimizing the use of direct-acting electric radiators?,"Here are several strategies to get the most out of direct-acting electric radiators, both in terms of comfort and energy efficiency:

1. Install Individual Thermostatic Controls  
   • Fit each radiator with a quality electronic or thermostatic radiator valve (TRV).  
   • Set different target temperatures for each room depending on use (e.g. living room higher, bedrooms lower).  

2. Use Programmable or Smart Timers  
   • Schedule your radiators to come on shortly before you wake up or return home, and switch off or lower automatically when you sleep or are away.  
   • If your supplier offers off-peak electricity tariffs, programme the radiators to run heavier loads during cheaper periods.  

3. Improve Building Fabric and Draught-proofing  
   • Seal gaps around windows, doors and service entries to prevent heat loss.  
   • Add or upgrade loft insulation and cavity wall insulation if applicable—every degree of retained heat reduces energy consumption.  

4. Reflective Foil Panels ",(no evidence retrieved),pass,9.666666666666666,,10,10,9,True,False,False
EKR_GEN_003,generic,How can energy efficiency be improved when heating domestic hot water?,"Improving the energy efficiency of domestic hot-water (DHW) systems is often a combination of using more efficient heat sources, reducing distribution losses, and matching production to actual demand. Here are several proven strategies:  

1. Upgrade or optimize the heat source  
   • High-efficiency water heaters – replace old gas or electric storage tanks with condensing gas boilers or electric heat-pump water heaters. Condensing units recover latent heat from flue gases, and heat pumps can achieve coefficients of performance (COPs) of 3–4.  
   • On-demand (tankless) heaters – avoid standby losses by heating water only when needed. Modern condensing tankless units can reach seasonal efficiencies above 90 %.  

2. Pre-heat with renewable or waste-heat sources  
   • Solar thermal collectors – integrate a solar pre-heat loop to raise inlet water temperature, especially effective from spring to autumn.  
   • Heat recovery – capture waste heat from ventilation exhaust (ERV/HRV systems)",(no evidence retrieved),pass,9.666666666666666,,10,10,9,True,False,False
EKR_GEN_004,generic,How can domestic hot-water production be optimized in an apartment building?,"Optimizing domestic hot-water (DHW) production in an apartment building typically involves a combination of system design improvements, controls and metering, and the use of heat-recovery or renewable-energy technologies.  Below are key strategies:

1. Improve Heat Generation Efficiency  
   • High-efficiency boilers or condensing gas boilers with modulating burners.  
   • Central heat-pump water heaters, sized for building load, or individual heat-pump units for each riser.  
   • Solar-thermal collectors feeding a DHW buffer tank to preheat incoming cold water.

2. Reduce Distribution Losses  
   • Insulate all DHW piping (including risers and branch lines) to minimize standby losses.  
   • Zone the piping so that circulation loops only serve occupied or high-demand areas.  
   • Install “on-demand” or push-button recirculation pumps that run only when residents request hot water.

3. Incorporate Thermal Storage and Load Shifting  
   • Use a well-insulated buffer/storage tank size",(no evidence retrieved),pass,10.0,,10,10,10,True,False,False
EKR_GEN_005,generic,What is an energy declaration?,"An energy declaration (in Swedish, “energideklaration”)—often referred to internationally as an Energy Performance Certificate (EPC)—is an official report that describes a building’s current energy performance and recommends measures for improvement. In Sweden, the procedure and requirements are defined by the national Building Energy Declaration Ordinance (Energideklarations­förordningen) and follows the EU’s Energy Performance of Buildings Directive.  

Key aspects of an energy declaration include:  
• Purpose  
 – To give prospective buyers and tenants a clear indication of a building’s energy use and efficiency.  
 – To identify cost–effective upgrades that can reduce energy consumption, lower operating costs and improve indoor comfort.  

• When it’s required  
 – For most non-residential buildings and multi-family dwellings over 50 m² whenever they are constructed, sold or substantially renovated.  
 – For single-family homes and smaller properties when marketed for sale or rent ",(no evidence retrieved),pass,10.0,,10,10,10,True,False,False
EKR_GEN_006,generic,What does energy-efficiency improvement mean?,"Energy-efficiency improvement refers to any measures or upgrades made to a building (or its systems) that reduce its overall energy consumption while maintaining—or improving—occupant comfort and functionality. In practice, this often involves:  
• Building envelope upgrades  
  – Adding or upgrading insulation in walls, roofs and floors  
  – Replacing single-glazed windows with high-performance double- or triple-glazing  
  – Sealing air leaks around doors, windows and service penetrations  
• Heating, ventilation and air-conditioning (HVAC) upgrades  
  – Installing high-efficiency boilers, heat pumps or furnaces  
  – Optimizing ventilation systems with heat‐recovery units  
  – Upgrading controls (e.g. programmable thermostats, building automation)  
• Lighting and electrical system improvements  
  – Switching to LED fixtures and smart controls (occupancy or daylight sensors)  
  – Implementing energy-efficient appliances and motors  
• Integration of renewable energy sources  
 ",(no evidence retrieved),pass,9.333333333333334,,10,10,8,True,False,False
EKR_GEN_007,generic,"What types of premises can exist in a property, and how do they affect energy consumption?","Different types of premises in a property each come with characteristic energy‐use profiles because of differences in occupancy patterns, internal equipment, ventilation requirements and heating/cooling needs. Below is an overview of common premises and how they tend to influence overall energy consumption:

1. Residential premises (apartments, detached or semi-detached houses, row houses)  
   • Operating hours: Occupied mainly mornings and evenings, lower use during work-hours and at night.  
   • Major energy loads: Space heating, domestic hot water (DHW), cooking, lighting and small appliances.  
   • Typical characteristics:  
     – Moderate peak heating demand in winter.  
     – Relatively low plug-load density.  
     – Energy performance strongly linked to building envelope quality, ventilation heat recovery and resident behaviour.  

2. Office space  
   • Operating hours: Generally daytime 8–18 hrs on weekdays.  
   • Major energy loads: Lighting, IT equipment (servers, com",(no evidence retrieved),pass,10.0,,10,10,10,True,False,False
EKR_GEN_008,generic,"How is electricity usually used in common areas such as corridors, lifts, and lobbies?","In multi‐unit residential or commercial buildings, electricity in shared (common) areas is typically consumed by the following systems and functions:

1. Lighting  
   • Corridor and stairwell lighting (often on time or motion sensors)  
   • Lobby and entrance lighting (ambient, accent and display lighting)  
   • Emergency lighting and illuminated exit signs (required by fire safety codes)  

2. Vertical Transportation  
   • Elevator motors and control electronics  
   • Elevator lighting and ventilation  
   • Escalators (if present), including drive motors and handrail drives  

3. Heating, Ventilation & Air Conditioning (HVAC)  
   • Supply and extract fans for corridors, lobbies and mechanical rooms  
   • Heat recovery units or air‐handling units serving atriums or enclosed stairwells  
   • Control systems (thermostats, humidity sensors)  

4. Safety, Security & Communication  
   • Fire‐alarm control panels and smoke exhaust fans  
   • Intruder alarm systems, CCTV cameras an",(no evidence retrieved),pass,9.666666666666666,,10,10,9,True,False,False
EKR_GEN_009,generic,What energy-efficiency measures are commonly implemented in apartment buildings?,"Below is an overview of the most frequently applied energy-efficiency measures in multi-unit (apartment) buildings. These measures can be found in energy performance certificates (EPCs) and retrofit projects across Europe:

1. Building Envelope Improvements  
   • Wall insulation  
     – Cavity‐fill or external insulation (ETICS)  
     – Internal insulation where external façades are protected or listed  
   • Roof and attic insulation  
     – High-performance mineral wool or PIR/PUR boards  
     – Ventilated roof assemblies to avoid moisture build-up  
   • Floor and basement insulation  
     – Rigid insulation under suspended timber or solid concrete slabs  
     – Sealing of ground‐floor interfaces to reduce thermal bridging  
   • Window and door upgrades  
     – Replacement with triple or double‐glazed, thermally broken frames  
     – Low-emissivity (Low-E) coatings and warm-edge spacers  
     – Air-tight seals and improved door thresholds  

2. High-Efficiency Heating, Co",(no evidence retrieved),pass,9.666666666666666,,10,10,9,True,False,False
EKR_GEN_010,generic,Which types of electricity use are usually most significant in a property?,"In most residential and small commercial buildings, electricity consumption can be broken down into a handful of broad categories – and the largest single uses tend to be:

1. Space heating (when delivered by electric systems)  
   - In homes with electric boilers or heat pumps, space heating (or the electricity used to run the heat pump) often represents the single biggest draw on the meter.  
   - Share of total electricity demand will vary widely depending on climate, building envelope and heating technology, but it can be 30–60 %.

2. Domestic hot water  
   - Electric boilers or heat‐pump water heaters used to produce hot tap water typically account for another 10–30 % of annual electricity consumption.

3. Circulation and ventilation  
   - Pumps for district heating loops, underfloor heating circuits or domestic hot‐water systems, plus fans in balanced ventilation or heat‐recovery units, can together add 5–15 %.

4. Lighting  
   - Interior and exterior lighting loads vary with ",(no evidence retrieved),pass,9.333333333333334,,9,10,9,True,False,False
EKR_GEN_011,generic,What are the advantages of natural ventilation compared with mechanical ventilation?,"Natural (or passive) ventilation relies on wind pressures and temperature-driven buoyancy to move fresh air through a building, rather than fans or ducts. Compared with mechanical (active) ventilation, its main advantages are:  

1. Lower energy consumption  
   • No or minimal fan power needed, reducing electricity use and utility bills.  
   • Helps buildings approach net-zero energy targets, especially when combined with natural cooling strategies.  

2. Reduced lifecycle and maintenance costs  
   • Fewer moving parts and no complex ductwork or fans to repair or replace.  
   • Simpler controls reduce both upfront installation costs and ongoing service requirements.  

3. Improved indoor air quality (IAQ) and comfort  
   • Provides a direct connection to the outdoor environment, which can dilute indoor pollutants more effectively.  
   • Encourages occupant control—opening windows or vents when temperature, humidity or CO₂ levels rise.  

4. Lower noise levels  
   • Eliminates fa",(no evidence retrieved),pass,9.666666666666666,,10,10,9,True,False,False
EKR_GEN_012,generic,How can natural ventilation in a house be optimized?,"Optimizing natural ventilation in a house involves careful design and operation to make the best use of prevailing winds, temperature differences and building geometry. Below are key strategies you can apply:

1. Orient and size openings for cross-ventilation  
   • Place operable windows or vents on opposite or adjacent façades so air can flow straight through.  
   • Make inlet openings (upwind side) larger than outlets (downwind side) to maintain a gentle, even airflow.  

2. Leverage the stack effect (buoyancy-driven flow)  
   • Include high-level vents or clerestory windows: as warm air rises, it exits through upper openings, drawing cooler air in below.  
   • Consider a “solar chimney” (a glazed vertical shaft heated by the sun) to boost upward airflow on calm days.  

3. Use window and vent controls  
   • Install adjustable vents at floor level (for cool air entry) and at ceiling or roof level (for warm air exhaust).  
   • Use trickle vents or small adjustable openings to ma",(no evidence retrieved),pass,10.0,,10,10,10,True,False,False
EKR_GEN_013,generic,What are the advantages of having solar panels?,"Here are the main advantages of installing solar panels on a building:

1. Reduced energy costs  
   • Solar panels generate electricity on-site, lowering or even eliminating your monthly power bills.  
   • Any surplus production can often be fed back into the grid (net metering), further offsetting costs.

2. Environmental benefits  
   • Solar power is a clean, renewable energy source that produces no direct greenhouse-gas emissions.  
   • By displacing fossil-fuel electricity, you reduce your building’s carbon footprint and contribute to better local air quality.

3. Increased property value  
   • Homes and commercial buildings with solar installations tend to sell at higher prices and spend less time on the market.  
   • Many buyers value the lower operating costs and environmental credentials that solar panels provide.

4. Energy independence and resilience  
   • Generating your own electricity reduces reliance on utility providers and fluctuating energy prices.  
   • In com",(no evidence retrieved),pass,9.333333333333334,,10,10,8,True,False,False
EKR_GEN_014,generic,What should you know if you are considering investing in solar panels?,"When you’re evaluating whether to invest in solar panels, it pays to do your homework up front. Here are the key factors to consider:

1. Solar Resource and Roof Suitability  
   • Orientation and Tilt: South-facing roofs (in the Northern Hemisphere) with a pitch of 20–40° capture the most sun.  
   • Shading: Check for shading from trees, chimneys or neighboring buildings; even partial shade can dramatically reduce output.  
   • Roof Condition: Ensure your roof is structurally sound and has at least 15–20 years of remaining lifespan. If you need to replace roofing or make repairs, do that before installing panels.

2. System Size and Your Electricity Needs  
   • Consumption Profile: Review past electricity bills to understand your average and peak usage.  
   • Scalability: Decide whether you want a system sized to offset 100% of your use, or a smaller “starter” system that you can expand later.  
   • Storage Considerations: If you’re interested in batteries, factor in extra cost, ",(no evidence retrieved),pass,9.666666666666666,,10,10,9,True,False,False
EKR_GEN_015,generic,How does the energy class affect the choice of household appliances from an energy perspective?,"When we talk about an EPC’s energy class (“epc_egienergiklass”) – typically graded A (best) down to G (worst) in the EU system – we are looking at how much energy the entire building is expected to use for heating, cooling, hot water and ventilation. That overall energy performance should guide your choice of household appliances in several ways:

1.  Lowering Total Energy Demand  
    • A building with a high energy class (A or B) already has good insulation, efficient windows and modern heating – its baseline energy demand is low. In such a home, even moderately efficient appliances will have less impact on your total energy bill than in a poorly insulated house.  
    • Conversely, if your building is in class D or below, each kilowatt your fridge, washing machine or dishwasher saves by having a top‐tier energy label can make a proportionally larger dent in your heating and electricity costs.  

2.  Matching Appliance Labels to Building Performance  
    • Household appliances carry",(no evidence retrieved),pass,10.0,,10,10,10,True,False,False
EKR_GEN_016,generic,What energy-saving features should you look for when buying a fridge or freezer?,"When you shop for a new refrigerator or freezer, paying attention to specific energy-saving features can significantly reduce both your electricity bill and your home’s environmental footprint. Here are the key items to look for:

1. Energy-efficiency label  
   • Choose the highest possible rating on your region’s label (in Europe today that means A-class+++ or its successor scale).  
   • Compare the annual kWh consumption side-by-side rather than only the letter grade.

2. Inverter compressor technology  
   • Unlike fixed-speed compressors that cycle on/off, inverter units modulate their speed to match cooling demand, which uses up to 30 % less energy and maintains a steadier temperature.

3. High-performance insulation  
   • Models with vacuum-insulated panels or thicker polyurethane foam walls are better at retaining cold, so the compressor runs less often.

4. Frost-free or adaptive-defrost systems  
   • Automatic defrosting prevents ice build-up (which impairs cooling efficie",(no evidence retrieved),fail,7.333333333333333,,9,10,3,False,False,False
EKR_GEN_020,generic,What is the difference between a grid contract and an electricity supply contract?,"In Sweden (and in many other countries) you actually need two separate agreements to get electricity into your home or business. They are often referred to as:  
1) a grid contract (nätavtal) with your local grid operator  
2) an electricity supply contract (elhandelsavtal) with an electricity supplier  

Here’s how they differ:

1. Grid Contract (Nätavtal)  
   • Who you sign with: The local grid operator (nätägare) in your area.  
   • What it covers:  
     – Access to the power grid (the physical wires and transformers that bring electricity to your property)  
     – Operation, maintenance and upgrading of the local network  
     – Metering and data collection (either through traditional meters or smart meters)  
   • What you pay for:  
     – A fixed monthly or annual grid fee (to cover fixed costs of the network)  
     – A variable fee per kilowatt-hour (kWh) transmitted (to cover losses and operation costs)  
   • Key point: Even if you produce your own power (for example wi",(no evidence retrieved),pass,9.666666666666666,,10,10,9,True,False,False
EKR_GEN_021,generic,What is meant by control and regulation technology?,"Control and regulation technology (often referred to in Swedish as “styr- och reglerteknik”) is the field concerned with automatically monitoring, controlling and optimizing technical systems in a building. Its main purpose is to maintain desired environmental conditions, ensure safety and achieve energy efficiency. Key aspects include:

1. Core Components  
   • Sensors and Transducers: Measure physical variables such as temperature, humidity, pressure, flow rate or CO₂ levels.  
   • Controllers: Compare measured values against set-points and calculate the required action (often using PID or other control algorithms).  
   • Actuators: Execute the controller’s commands by modulating valves, dampers, pumps, fans or lighting circuits.  
   • Communication Networks: Link sensors, controllers and actuators—using wired (e.g. BACnet, Modbus) or wireless protocols—for centralized monitoring and control.

2. Typical Applications in Buildings  
   • HVAC Systems: Regulating heating, cooling, ",(no evidence retrieved),pass,9.333333333333334,,10,10,8,True,False,False
EKR_GEN_022,generic,How can a control system be expanded?,"Expanding a building control system—whether it manages HVAC, lighting, security or other functions—can be done in several complementary ways. Below is a structured approach to scaling up your existing automation platform:

1. Add or Upgrade I/O Modules  
   • Digital and analog input/output modules allow you to connect additional field devices (e.g. temperature sensors, dampers, valves, actuators).  
   • Choose modules compatible with your existing bus (BACnet, Modbus, KNX, LonWorks, etc.) to avoid complex protocol converters.  
   • If your controller chassis is full, consider installing an expansion rack or a higher-capacity controller.

2. Deploy Additional Local Controllers  
   • For very large sites or distributed facilities, you can divide the plant into zones, each with its own dedicated programmable logic controller (PLC) or direct-digital controller (DDC).  
   • These local controllers communicate with the supervisory system for data aggregation and coordinated control stra",(no evidence retrieved),pass,9.666666666666666,,10,10,9,True,False,False
EKR_GEN_023,generic,Where is the boundary between normal EV charging and fast charging?,"In the electric‐vehicle industry the terms “normal” (or “AC”) charging and “fast” (usually DC) charging are most commonly distinguished by the maximum power they deliver:

1. Normal (AC) charging  
   • Typically uses onboard chargers and alternating current (AC) from the grid.  
   • Household or public AC stations are generally rated from about 2.3 kW (single-phase) up to 22 kW (three-phase).  
   • In most markets anything up to 22 kW is still considered “normal” or “slow/standard” charging.

2. Fast (DC) charging  
   • Bypasses the vehicle’s onboard AC charger and supplies direct current (DC) directly to the battery.  
   • Starts at roughly 50 kW DC and goes up to several hundred kilowatts on ultra-rapid chargers (150 kW–350 kW).  
   • Above about 50 kW is generally termed “fast charging,” because it can replenish 80 % of battery capacity in 20–40 minutes on many vehicles.

Summary of the boundary:  
– Up to 22 kW (AC) is normal/standard charging.  
– From about 50 kW (DC) and a",(no evidence retrieved),pass,9.666666666666666,,10,10,9,True,False,False
EKR_GEN_024,generic,What is load balancing for EV charging?,"Load balancing for EV charging is a way to distribute available electrical capacity across one or more charging points so that you don’t exceed the supply limits of your property or the local grid. In practice it ensures that each vehicle gets as much charging power as possible without tripping breakers or incurring excessive demand-charges.  

Key points  
1. Why it’s needed  
  • Limited supply capacity – Most buildings (homes or workplaces) have a fixed main fuse or service connection. If two cars draw full power simultaneously, you may overload that fuse.  
  • Grid constraints – In areas with weak or heavily loaded distribution networks, too much simultaneous charging can raise local network peaks and threaten stability.  
  • Cost control – By avoiding peaks in power demand, you minimize demand-based fees from your energy supplier.  

2. How it works  
  • Centralized controller (site-level) – A master controller monitors the total power draw of all chargers and dynamically throt",(no evidence retrieved),pass,9.333333333333334,,10,10,8,True,False,False
EKR_GEN_025,generic,Are there grants or subsidies for improving apartment insulation?,"Yes. In Sweden you can reduce the net cost of adding or improving insulation in an apartment by combining tax deductions with possible grants. Which schemes you can use depends on whether you own your unit (bostadsrätt) or live in a rental.





1. Tax deductions  
   • ROT-deduction  
     – Covers labour costs for renovation, conversion and extension work, including installation of extra wall- or attic insulation.  
     – You get a 30 percent reduction on labour (up to SEK 50 000 per person and year). Materials are not covered by ROT.  
     – You apply via your tax return; the contractor reports the deduction directly to Skatteverket.  

   • Energy-saving (green) tax deduction  
     – Introduced in 2021 to promote energy efficiency.  
     – You can deduct 15 percent of both labour and material costs for approved energy-saving measures, including insulation, new windows/doors, ventilation and heat-pump installation.  
     – Maximum deduction is SEK 50 000 per person and year. Yo",(no evidence retrieved),pass,9.666666666666666,,10,10,9,True,False,False
EKR_GEN_026,generic,What grant options may be available for energy-efficiency measures?,"Below is an overview of the most common grant and support programmes in Sweden for energy-efficiency measures. Eligibility, application deadlines and support levels vary, so you should always check the administering authority’s website for the latest details.

1. Swedish Energy Agency (Energimyndigheten) – Investment Support for Energy-Efficiency Improvements  
   • Target group: Owners of single-family homes (villor) and certain apartment buildings.  
   • Eligible measures:  
     – Loft, wall and basement insulation  
     – Replacement of windows and doors  
     – Balancing of heating systems  
   • Support level: Generally up to 30 percent of eligible costs (labour + materials), capped at SEK 100 000 per dwelling.  
   • How to apply: Online via Energimyndigheten.se, usually announced once per calendar year.

2. Klimatklivet – Local Climate Investment Support  
   • Administered by: County Administrative Boards on behalf of the Climate Leap initiative.  
   • Target group: Proper",(no evidence retrieved),pass,9.666666666666666,,10,10,9,True,False,False
EKR_GEN_027,generic,What light level is recommended in stairwells?,"In Sweden (and under the European standard SS-EN 12464-1), the following lighting levels are generally recommended for stairwells:

General ( everyday ) lighting  
• Maintained horizontal illuminance: 100 lx at the walking surface  
• Uniformity (Emin/Eavg): ≥ 0.4  

Emergency (escape-route) lighting  
• Minimum illuminance: 1 lx at floor level along the escape route  

Additional guidance  
• Colour temperature: typically 3 000–4 000 K  
• Colour rendering index (CRI): ≥ 80  
• Light fittings should be positioned and aimed to avoid glare and to clearly define step edges  

These levels ensure good visual comfort, safe foot placement and clear orientation in both normal and emergency situations.

Note: Some building details may be outdated because I could not confirm how recent the underlying energy-declaration data is. I do not have confirmed data for: energy_class, energy_performance, heating_system, ventilation_type.",(no evidence retrieved),pass,9.0,,9,10,8,True,False,False
EKR_GEN_028,generic,How can lighting be improved in basement areas?,"Improving lighting in basement areas typically involves a combination of maximizing the little available daylight, selecting efficient artificial fixtures, and using controls and finishes that enhance brightness. Even without detailed building‐specific data, the following strategies are widely applicable:

1. Introduce or enlarge daylight openings  
   • Window wells or light shafts: If feasible, install or enlarge basement windows and add reflective-coated wells or light shelves to bounce daylight deeper into the space.  
   • Tubular daylight devices (“sun tunnels”): Flexible, reflective tubes from the roof or upper floors can deliver diffuse daylight into windowless areas.  

2. Choose high-performance LED fixtures  
   • Recessed downlights: Low-profile, dimmable LED cans provide uniform general illumination with minimal ceiling intrusion.  
   • Surface-mounted panels: Slim LED panels or strips work well where ceiling height is limited.  
   • Track and adjustable fixtures: Allow ",(no evidence retrieved),pass,10.0,,10,10,10,True,False,False
EKR_GEN_029,generic,What temperature should stairwells have?,"In Sweden there is no rigid, nationwide statutory temperature “target” specifically for stairwells in the Building Regulations (BBR) – they’re treated as non-residential circulation spaces. In practice, however, building owners and facility managers normally keep stairwells at a low but frost-safe level in order to

 • Prevent condensation and mould growth  
 • Avoid freezing of pipes or other installations  
 • Provide a minimum level of comfort and security  

Typical recommended set-points are:

  – 12 °C as an absolute minimum  
  – 12–15 °C in many multi-family and public buildings  

Some municipalities or housing associations may raise that minimum to 14–16 °C, but you will most often see a control band of about 12–15 °C for common-area stairwells.

Note: Some building details may be outdated because I could not confirm how recent the underlying energy-declaration data is. I do not have confirmed data for: energy_class, energy_performance, heating_system, ventilation_type.",(no evidence retrieved),pass,10.0,,10,10,10,True,False,False
BRF_ODEN_01_TULEGATAN_5A_001_AMBIGUOUS,clarification,What is the heating system in my building? My address is Tulegatan 5a.,"There are two energy‐performance certificates on record for “Tulegatan 5 A,” one in Stockholm (approved 2019-06-02) and a more recent one in Arboga (approved 2021-12-23). In both cases the sole heating system is district heating (fjärvärme).  

• Stockholm building (byggnadsid 01-80-HAELSAN10-2)  
  – Primary heating: fjärrvärme (network name “Stockholm”)  
  – Annual district-heating use: approx. 819 500 kWh for space heating + 161 300 kWh for hot water  

• Arboga building (byggnadsid 19-84-LEOPARDEN5-1) – Latest certificate  
  – Primary heating: fjärrvärme  
  – Annual district-heating use: approx. 103 328 kWh for space heating + 24 950 kWh for hot water  

The most recent EPC (Arboga, 2021) therefore confirms that your building’s heating is provided exclusively by the local district-heating network.

Note: Some building details may be outdated because I could not confirm how recent the underlying energy-declaration data is. I do not have confirmed data for: ventilation_type, elect","SQL fields used (n=214): 01a_fnr, 50a_deso, 50a_husnridmerge, 50a_uuid, byggnadsid, district_heating_use, energy_class, energy_performance, epc_antalbyggdek_calc, epc_antalgamladek_calc, epc_egenantalbolgh, epc_egenantalkallarplan",pass,10.0,10,10,10,10,True,False,True
BRF_ODEN_01_TULEGATAN_5A_001_HEATING,building_specific,What is the heating system in my building?,"Here are the heating systems for the two buildings in your data set:

1. Building ID 01-80-HAELSAN10-2 (Tulegatan 5A, Stockholm)  
   - Primary heating system: district heating (“Fjärrvärme”)  
   - Annual district-heating use: 819 500 kWh  

2. Building ID 19-84-LEOPARDEN5-1 (Tulegatan 5A, Arboga)  
   - Primary heating system: wood-chip boiler (“Flis”)  
   - Annual wood-chip use: 113 030 kWh (heating) + 14 370 kWh (hot water)

Note: Some building details may be outdated because I could not confirm how recent the underlying energy-declaration data is. I do not have confirmed data for: ventilation_type, electricity_use, energy_declaration_year, renovation_information.","SQL fields used (n=214): 01a_fnr, 50a_deso, 50a_husnridmerge, 50a_uuid, byggnadsid, district_heating_use, energy_class, energy_performance, epc_antalbyggdek_calc, epc_antalgamladek_calc, epc_egenantalbolgh, epc_egenantalkallarplan",pass,9.5,10,9,10,9,True,False,True
BRF_ODEN_01_TULEGATAN_5A_001_PERFORMANCE,building_specific,What is the energy performance of my building?,"For your building (ID 19-84-LEOPARDEN5-1), the latest energy performance figures are:

• Specific energy performance: 190 kWh/m²·year  
• Energy class (2020 scale): E  
• Primary energy figure: 127 kWh/m²·year  

These values come from the most recent (2020) energy performance calculation and place the building in class E.

Note: Some building details may be outdated because I could not confirm how recent the underlying energy-declaration data is. I do not have confirmed data for: ventilation_type, electricity_use, energy_declaration_year, renovation_information.","SQL fields used (n=214): 01a_fnr, 50a_deso, 50a_husnridmerge, 50a_uuid, byggnadsid, district_heating_use, energy_class, energy_performance, epc_antalbyggdek_calc, epc_antalgamladek_calc, epc_egenantalbolgh, epc_egenantalkallarplan",pass,9.5,10,10,10,8,True,False,True
BRF_ODEN_01_TULEGATAN_5A_002_HEATING,building_specific,What is the heating system in my building?,"According to your latest energy declaration (EPC), the building’s main heating system is a wood-chip boiler (Swedish “flis”). There is no district-heating connection (district_heating_use = 0).

Note: Some building details may be outdated because I could not confirm how recent the underlying energy-declaration data is. I do not have confirmed data for: ventilation_type, electricity_use, energy_declaration_year, renovation_information.","SQL fields used (n=214): 01a_fnr, 50a_deso, 50a_husnridmerge, 50a_uuid, byggnadsid, district_heating_use, energy_class, energy_performance, epc_antalbyggdek_calc, epc_antalgamladek_calc, epc_egenantalbolgh, epc_egenantalkallarplan",pass,10.0,10,10,10,10,True,False,True
BRF_ODEN_01_TULEGATAN_5A_002_PERFORMANCE,building_specific,What is the energy performance of my building?,"Below is a summary of the energy performance for the two buildings in your query. The most recent declaration (version 2021) is for the Arboga property and should be taken as the current, authoritative result.

1. Building ID “19-84-LEOPARDEN5-1” (Tulegatan 5A, Arboga) – EPC version 2021  
   • Primary energy performance (2020): 102 kWh/m²·year  
   • Specific energy use: 141 kWh/m²·year  
   • Energy index: 1.085  
   • Energy class: E  
   • Main heating system: District heating  

2. Building ID “01-80-HAELSAN10-2” (Tulegatan 5A, Stockholm) – EPC version 2019  
   • Primary energy performance (2019): 183 kWh/m²·year  
   • Specific energy use: 178 kWh/m²·year  
   • Energy index: 1.154  
   • Energy class: F  
   • Main heating system: District heating  

The latest (2021) certificate for the Arboga building gives an energy performance of 102 kWh/m²·year and places the property in energy class E.

Note: Some building details may be outdated because I could not confirm how recent the","SQL fields used (n=214): 01a_fnr, 50a_deso, 50a_husnridmerge, 50a_uuid, byggnadsid, district_heating_use, energy_class, energy_performance, epc_antalbyggdek_calc, epc_antalgamladek_calc, epc_egenantalbolgh, epc_egenantalkallarplan",pass,9.75,10,10,10,9,True,False,True
BRF_ODEN_02_PROFESSORSSLINGAN_51_001_HEATING,building_specific,What is the heating system in my building?,"The building’s primary heating system is district heating (“fjärrvärme”). According to the latest energy declaration:

• Heating source: District heating (Stockholm network)  
• Energy used for space heating: 79 330 kWh/year  
• Energy used for domestic hot water: 58 800 kWh/year  

This district-heating supply covers both the space-heating and hot‐water needs of the building.

Note: Some building details may be outdated because I could not confirm how recent the underlying energy-declaration data is. I do not have confirmed data for: ventilation_type, electricity_use, energy_declaration_year, renovation_information.","SQL fields used (n=214): 01a_fnr, 50a_deso, 50a_husnridmerge, 50a_uuid, byggnadsid, district_heating_use, energy_class, energy_performance, epc_antalbyggdek_calc, epc_antalgamladek_calc, epc_egenantalbolgh, epc_egenantalkallarplan",pass,10.0,10,10,10,10,True,False,True
BRF_ODEN_02_PROFESSORSSLINGAN_51_001_PERFORMANCE,building_specific,What is the energy performance of my building?,"Based on the latest (2023) energy performance certificate for building 01-80-FILOSOFEN2-3 in Stockholm:

• Energy performance (Energiprestanda): 63 kWh/m²·year  
• Energy class (Energiklass): B  

Additional figures from the certificate:  
• Total delivered energy: 167 524 kWh/year  
• Primary energy use: 149 037 kWh/year  
• Specific energy consumption: 71 kWh/m²·year  
• Main heating system: district heating (79 330 kWh/year)  
• Domestic hot water: 58 800 kWh/year  

These values place the building solidly in class B, indicating good but not top‐level efficiency. Continuous monitoring and targeted improvements (e.g. in ventilation or envelope insulation) could help you move towards an A-class rating.

Note: Some building details may be outdated because I could not confirm how recent the underlying energy-declaration data is. I do not have confirmed data for: ventilation_type, electricity_use, energy_declaration_year, renovation_information.","SQL fields used (n=214): 01a_fnr, 50a_deso, 50a_husnridmerge, 50a_uuid, byggnadsid, district_heating_use, energy_class, energy_performance, epc_antalbyggdek_calc, epc_antalgamladek_calc, epc_egenantalbolgh, epc_egenantalkallarplan",pass,9.75,10,10,10,9,True,False,True
BRF_ODEN_02_PROFESSORSSLINGAN_51_001_ADVICE,combined,What should my building prioritize to improve energy efficiency?,"Your building (Filosofen 2, energy class B, primary energy performance 63 kWh/m²•year) already performs well, but the largest energy end-uses are space heating (79 330 kWh) and domestic hot water (58 800 kWh). To make the next leap toward an A-class building you should prioritize:

1. Improve the thermal envelope  
   • Add insulation to exterior walls and roof where U-values are highest.  
   • Upgrade windows and doors to low-U, airtight models to reduce transmission losses.  
   • Seal penetrations and joints to improve air-tightness (blower-door testing will identify major leaks).

2. Optimize domestic hot-water systems  
   • Install low-flow fixtures (taps, showers) to cut hot-water demand.  
   • Add drain-water heat recovery or a solar-thermal pre-heating loop to reduce district-heating input for DHW.  
   • Insulate hot-water distribution piping and storage tanks to minimize standby losses.

3. Fine-tune ventilation and heating controls  
   • Balance the existing FT-system (m","SQL fields used (n=214): 01a_fnr, 50a_deso, 50a_husnridmerge, 50a_uuid, byggnadsid, district_heating_use, energy_class, energy_performance, epc_antalbyggdek_calc, epc_antalgamladek_calc, epc_egenantalbolgh, epc_egenantalkallarplan",fail,8.25,10,10,10,3,False,False,True
BRF_ODEN_03_TEKNIKRINGEN_10B_001_ADVICE,combined,What should my building prioritize to improve energy efficiency?,"To recommend the most effective measures we’d normally look at your building’s specifics—especially its current EPC energy class (epc_egienergiklass), heated area (epc_egenatemp), building type (epc_egenbyggnadstyp), and existing systems. In the absence of those details, here are the typical priority areas for most buildings:  

1. Building Envelope  
   • Insulation – upgrade or add insulation in lofts/roofs, external walls and ground floors.  
   • Windows and doors – replace single-glazed or poorly sealed units with high-performance, low-U-value glazing and airtight frames.  
   • Air tightness – seal gaps around pipes, ducts, windows and service penetrations to reduce drafts and heat loss.  

2. Heating, Cooling and Ventilation  
   • Heating system – consider high-efficiency boilers, heat pumps or district heating connections.  
   • Ventilation – install or retrofit controlled mechanical ventilation with heat recovery (MVHR) to maintain air quality while minimizing heat losses.  ",(no evidence retrieved),pass,9.666666666666666,,10,10,9,True,False,False
BRF_ODEN_04_DROTTNING_KRISTINAS_VAG_43A_001_HEATING,building_specific,What is the heating system in my building?,"Your building’s primary heating system is district heating (fjärrvärme) supplied via the Stockholm network. According to the latest energy performance certificate (2022):

• Main heating source: District heating (“Fjärrvärme”)  
• Annual district-heating use for space heating: 118 576 kWh  
• Annual district-heating use for hot water:   45 056 kWh  

No other heating fuels (oil, gas, biomass or heat pumps) are reported.

Note: Some building details may be outdated because I could not confirm how recent the underlying energy-declaration data is. I do not have confirmed data for: ventilation_type, electricity_use, energy_declaration_year, renovation_information.","SQL fields used (n=214): 01a_fnr, 50a_deso, 50a_husnridmerge, 50a_uuid, byggnadsid, district_heating_use, energy_class, energy_performance, epc_antalbyggdek_calc, epc_antalgamladek_calc, epc_egenantalbolgh, epc_egenantalkallarplan",pass,9.75,10,10,10,9,True,False,True
BRF_ODEN_04_DROTTNING_KRISTINAS_VAG_43A_001_PERFORMANCE,building_specific,What is the energy performance of my building?,"According to the latest energy declaration (2020 calculation), your building has:

• Energy performance (primary energy index): 79 kWh/m²·year  
• Energy class: D  

Summary of key figures from the declaration:  
- Total heated floor area (Atemp): 2 184 m²  
- Annual delivered energy (“epc_egienergianvändning”): 198 495 kWh  
- Primary energy use (“epc_egiprimarenergianvändning”): 173 149 kWh  
- Specific energy use (“epc_egispecifikenergianvändning”): 91 kWh/m²·year  
- Main heating system: District heating (118 576 kWh delivered)  

These values place the building in energy class D on the Swedish A–G scale.

Note: Some building details may be outdated because I could not confirm how recent the underlying energy-declaration data is. I do not have confirmed data for: ventilation_type, electricity_use, energy_declaration_year, renovation_information.","SQL fields used (n=214): 01a_fnr, 50a_deso, 50a_husnridmerge, 50a_uuid, byggnadsid, district_heating_use, energy_class, energy_performance, epc_antalbyggdek_calc, epc_antalgamladek_calc, epc_egenantalbolgh, epc_egenantalkallarplan",pass,9.75,10,10,10,9,True,False,True
BRF_ODEN_04_DROTTNING_KRISTINAS_VAG_43A_001_ADVICE,combined,What should my building prioritize to improve energy efficiency?,"Based on your building’s latest energy‐performance data (energy class D in 2020, primary energy number 79 kWh/m² year, specific energy use ca 91 kWh/m² year) the single biggest lever to pull is reducing your heating demand.  Roughly 85 % of your annual energy goes to space heating and hot water (118 576 kWh district heating + 45 056 kWh hot-water share versus only ~28 000 kWh electricity), so you’ll gain most by:

  •  Improving the building envelope  
     – Your current calculated reference-value (U-value equivalent) is 75 % of the BBR-29 maximum (epc_egirefvarde1bbr29_calc).  Upgrading wall, roof and window insulation (ideally toward or below the BBR-29 reference of 80) will cut heat losses directly.  
     – Pay special attention to window replacements (high-performance frames and triple glazing) and sealing thermal bridges/air leaks.  

  •  Optimizing your ventilation system  
     – You have a mechanical supply-and-extract with heat recovery (venttyp ftx = Yes) at about 0.5 l/s/","SQL fields used (n=214): 01a_fnr, 50a_deso, 50a_husnridmerge, 50a_uuid, byggnadsid, district_heating_use, energy_class, energy_performance, epc_antalbyggdek_calc, epc_antalgamladek_calc, epc_egenantalbolgh, epc_egenantalkallarplan",pass,9.75,10,10,10,9,True,False,True
BRF_ODEN_05_ARTEMISGATAN_17_001_ADVICE,combined,What should my building prioritize to improve energy efficiency?,"Improving a building’s energy efficiency is best approached in stages: first address the biggest energy losses, then optimize systems and operations. Although specific measures will depend on your building’s current condition and use, here is a general priority list:

1. Conduct an Energy Audit or EPC  
   • Have a certified energy auditor review your building (or update your Energy Performance Certificate).  
   • Identify your current energy class (epc_egienergiklass) and the measures with the highest cost-benefit.

2. Upgrade the Building Envelope  
   • Insulation – add or improve roof, wall and floor insulation to reduce heat loss.  
   • Windows and doors – replace single-glazed or poorly sealed units with high-performance, double- or triple-glazing; improve weather-stripping.  
   • Air-tightness – seal gaps around service penetrations, joinery and between building elements to eliminate drafts.

3. Optimize Heating, Cooling and Ventilation  
   • Heating system – consider high-e",(no evidence retrieved),pass,10.0,,10,10,10,True,False,False
BRF_ODEN_06_TEKNIKRINGEN_78B_001_ADVICE,combined,What should my building prioritize to improve energy efficiency?,"Improving the energy performance of any building typically involves a hierarchy of measures, starting with the building’s envelope and moving toward systems and controls. Even without specific data on your property, you can prioritize the following areas to achieve the greatest savings and comfort:

1. Building Envelope (Insulation & Airtightness)  
   • Walls and Roof Insulation – Upgrade to at least current building-code U-values or better (for Sweden, typically ≤0.20 W/m²K for walls and ≤0.15 W/m²K for roofs).  
   • Floor and Basement Insulation – Insulate ground-bearing slabs and basement ceilings to reduce heat loss to the ground.  
   • Air Sealing – Locate and seal cracks, gaps and penetrations (around windows, doors, service entries) to reduce uncontrolled infiltration. Perform a blower-door test to quantify and track airtightness improvements.

2. Windows and Doors  
   • High-Performance Glazing – Replace single or old double glazing with modern triple- or high-performance d",(no evidence retrieved),pass,9.333333333333334,,9,10,9,True,False,False
BRF_ODEN_07_TEKNIKRINGEN_37A_001_HEATING,building_specific,What is the heating system in my building?,"According to the latest energy-performance data for your building, the primary heating system is direct electric heating (“ElDirekt”). There is no district-heating connection (district_heating_use = 0).

Note: Some building details may be outdated because I could not confirm how recent the underlying energy-declaration data is. I do not have confirmed data for: ventilation_type, electricity_use, energy_declaration_year, renovation_information.","SQL fields used (n=214): 01a_fnr, 50a_deso, 50a_husnridmerge, 50a_uuid, byggnadsid, district_heating_use, energy_class, energy_performance, epc_antalbyggdek_calc, epc_antalgamladek_calc, epc_egenantalbolgh, epc_egenantalkallarplan",pass,9.5,9,10,10,9,True,False,True
BRF_ODEN_07_TEKNIKRINGEN_37A_001_PERFORMANCE,building_specific,What is the energy performance of my building?,"According to the latest (2020) energy declaration for your building (Teknikringen 37a, Stockholm), the key energy-performance figures are:

•  Energy class (2020): G  (previously F in 2016)  
•  Heated floor area (Atemp): 230 m²  
•  Specific energy use: 108 kWh/m²·year  
•  Total annual energy use: 24 840 kWh/year  
   – Heating (direct electric): 23 445 kWh  
   – Domestic hot water: 115 kWh  
   – Other electricity use: 1 280 kWh  
•  Primary energy indicator: 194 kWh/m²·year  

In summary, your building consumes about 108 kWh per square metre annually and is rated in the lowest energy class (G), reflecting high energy use primarily for direct electric heating.

Note: Some building details may be outdated because I could not confirm how recent the underlying energy-declaration data is. I do not have confirmed data for: ventilation_type, electricity_use, energy_declaration_year, renovation_information.","SQL fields used (n=214): 01a_fnr, 50a_deso, 50a_husnridmerge, 50a_uuid, byggnadsid, district_heating_use, energy_class, energy_performance, epc_antalbyggdek_calc, epc_antalgamladek_calc, epc_egenantalbolgh, epc_egenantalkallarplan",pass,9.5,8,10,10,10,True,False,True
BRF_ODEN_07_TEKNIKRINGEN_37A_001_ADVICE,combined,What should my building prioritize to improve energy efficiency?,"Based on your building’s latest EPC (energy class G, specific energy use 108 kWh/m²·year and primary energy ~194 kWh/m²·year vs. a reference level of ~55 kWh/m²·year), there is substantial potential for savings. Here’s where to focus, in order of typical cost-effectiveness and impact:

1. Improve the building envelope  
  • Loft/roof insulation – in many older buildings the roof is the first major heat‐loss path. Increasing U-value here often yields quick payback.  
  • External walls – add external or internal insulation if feasible (e.g. 100–200 mm mineral wool or equivalent).  
  • Basement/floor slab – insulate ground floors or basements to reduce cold bridging.  
  • High-performance windows – replace single or poorly sealed double-glazed units with certified energy‐efficient windows (Uw ≤1.2 W/m²K) and proper airtight detailing.

2. Upgrade ventilation with heat recovery  
  • Install a balanced mechanical ventilation system (FTX) with ≥75 % heat recovery efficiency. This typical","SQL fields used (n=214): 01a_fnr, 50a_deso, 50a_husnridmerge, 50a_uuid, byggnadsid, district_heating_use, energy_class, energy_performance, epc_antalbyggdek_calc, epc_antalgamladek_calc, epc_egenantalbolgh, epc_egenantalkallarplan",pass,10.0,10,10,10,10,True,False,True
BRF_ODEN_08_PROFESSORSSLINGAN_49_001_HEATING,building_specific,What is the heating system in my building?,"Your building’s primary heating system is district heating (fjärrvärme). It is connected to the Stockholm district-heating network, providing all of your space-heating needs. According to the latest energy performance certificate:

• Main heating: District heating (“Fjärrvärme”)  
• Annual district-heating use for space heating: 59 545 kWh  
• Annual district-heating use for domestic hot water: 66 600 kWh  

No other heating sources (gas, oil, heat pumps, biomass, electric direct heating, etc.) are used.

Note: Some building details may be outdated because I could not confirm how recent the underlying energy-declaration data is. I do not have confirmed data for: ventilation_type, electricity_use, energy_declaration_year, renovation_information.","SQL fields used (n=214): 01a_fnr, 50a_deso, 50a_husnridmerge, 50a_uuid, byggnadsid, district_heating_use, energy_class, energy_performance, epc_antalbyggdek_calc, epc_antalgamladek_calc, epc_egenantalbolgh, epc_egenantalkallarplan",pass,10.0,10,10,10,10,True,False,True
BRF_ODEN_08_PROFESSORSSLINGAN_49_001_PERFORMANCE,building_specific,What is the energy performance of my building?,"For building 01-80-FILOSOFEN2-2 in Stockholm, the most recent Energy Performance Certificate (registered August 21, 2023) reports:

• Energiprestanda (Energy Performance): 53 kWh/m²·year  
• Energiklass (Energy Class, 2020 scale): B  

In other words, your building’s calculated energy performance is 53 kWh per square metre and it falls into class B on the current Swedish scale.

Note: Some building details may be outdated because I could not confirm how recent the underlying energy-declaration data is. I do not have confirmed data for: ventilation_type, electricity_use, energy_declaration_year, renovation_information.","SQL fields used (n=214): 01a_fnr, 50a_deso, 50a_husnridmerge, 50a_uuid, byggnadsid, district_heating_use, energy_class, energy_performance, epc_antalbyggdek_calc, epc_antalgamladek_calc, epc_egenantalbolgh, epc_egenantalkallarplan",pass,9.5,10,10,10,8,True,False,True
BRF_ODEN_08_PROFESSORSSLINGAN_49_001_ADVICE,combined,What should my building prioritize to improve energy efficiency?,"Based on your building’s latest energy performance certificate (EPC 2023), your property is rated in energy class B with a primary energy index just above the reference level (energy index 1.04). The largest shares of your total energy use are:

• Space heating via district heating: about 59,545 kWh (38 % of total)  
• Domestic hot water via district heating: about 66,600 kWh (42 % of total)  
• Electricity (common areas, ventilation fans, lighting, etc.): about 28,400 kWh (18 % of total)

To push your building into class A (or at least lower your overall energy index), you should prioritize the following measures:

1. Improve the building envelope  
   – Add or upgrade thermal insulation in façades, roof and basement ceiling.  
   – Replace or retrofit windows and external doors with high-performance, airtight units.  
   – Tighten air barriers to reduce uncontrolled infiltration.

2. Optimize ventilation heat recovery  
   – Your building already uses an FTX system (mechanical supply","SQL fields used (n=214): 01a_fnr, 50a_deso, 50a_husnridmerge, 50a_uuid, byggnadsid, district_heating_use, energy_class, energy_performance, epc_antalbyggdek_calc, epc_antalgamladek_calc, epc_egenantalbolgh, epc_egenantalkallarplan",pass,9.5,9,10,10,9,True,False,True
BRF_ODEN_09_PROFESSORSSLINGAN_53_001_HEATING,building_specific,What is the heating system in my building?,"According to your building’s latest energy performance certificate (EPC), the primary heating system is district heating (Swedish: fjärrvärme), supplied via the Stockholm network.  
• Fjärrvärme for space heating: 53 777 kWh/year  
• Fjärrvärme for domestic hot water: 58 800 kWh/year  

Energy class (latest calculation): B  
Primary energy performance (2020): 60 kWh/m²·year

Note: Some building details may be outdated because I could not confirm how recent the underlying energy-declaration data is. I do not have confirmed data for: ventilation_type, electricity_use, energy_declaration_year, renovation_information.","SQL fields used (n=214): 01a_fnr, 50a_deso, 50a_husnridmerge, 50a_uuid, byggnadsid, district_heating_use, energy_class, energy_performance, epc_antalbyggdek_calc, epc_antalgamladek_calc, epc_egenantalbolgh, epc_egenantalkallarplan",pass,9.75,10,10,10,9,True,False,True
BRF_ODEN_09_PROFESSORSSLINGAN_53_001_PERFORMANCE,building_specific,What is the energy performance of my building?,"The latest energy performance certificate for your building (ID 01-80-FILOSOFEN2-4) shows:

• Energy performance (Energiprestanda): 60 kWh/m²·year  
• Energy class: B  

Additional key figures from the 2023 declaration:  
• Heated floor area (Atemp): 2 352 m²  
• Total delivered energy use: 149 478 kWh/year  
• Specific energy use (including common areas): 64 kWh/m²·year  
• Primary energy consumption: 60 kWh/m²·year (141 696 kWh total)  
• Main heating system: district heating (53 777 kWh/year)  

These values place your building solidly in class B on the Swedish EPC scale.

Note: Some building details may be outdated because I could not confirm how recent the underlying energy-declaration data is. I do not have confirmed data for: ventilation_type, electricity_use, energy_declaration_year, renovation_information.","SQL fields used (n=214): 01a_fnr, 50a_deso, 50a_husnridmerge, 50a_uuid, byggnadsid, district_heating_use, energy_class, energy_performance, epc_antalbyggdek_calc, epc_antalgamladek_calc, epc_egenantalbolgh, epc_egenantalkallarplan",pass,9.75,10,10,10,9,True,False,True
BRF_ODEN_09_PROFESSORSSLINGAN_53_001_ADVICE,combined,What should my building prioritize to improve energy efficiency?,"Your building (Filosofen 2, Professorsslingan 53 in Stockholm) currently holds an energy class B (latest 2020 certificate) with a primary energy performance of 60 kWh/m²·year and a specific delivered energy use of 64 kWh/m²·year. Compared with the 85 kWh/m² reference value for new multifamily dwellings, your envelope and ventilation solution (mechanical supply/exhaust with heat recovery) are already performing well. To move up toward an A-class rating, we recommend focusing on the end-uses that still account for the largest shares of consumption:

1. Domestic Hot Water (DHW)  
   • DHW accounts for about 39 % of your building’s energy use (≈59 MWh/year).  
   • Install low-flow faucets and showerheads, onboard heat-recovery units on shower drains or greywater, and consider solar-thermal panels or a heat-pump water heater to pre-heat or replace part of your district-heating demand.  
   • Introduce individual sub-metering and resident engagement to encourage lower consumption.

2. On-si","SQL fields used (n=214): 01a_fnr, 50a_deso, 50a_husnridmerge, 50a_uuid, byggnadsid, district_heating_use, energy_class, energy_performance, epc_antalbyggdek_calc, epc_antalgamladek_calc, epc_egenantalbolgh, epc_egenantalkallarplan",fail,7.0,6,10,10,2,False,False,True
BRF_ODEN_10_RADMANSGATAN_31_001_AMBIGUOUS,clarification,What is the heating system in my building? My address is Rådmansgatan 31.,"I find three distinct EPC records for “Rådmansgatan 31,” each relating to a different property (by municipality and Building ID). Their main heating systems are as follows:

1. Stockholm (Building ID 01-80-HAELSAN10-2, EPC version 2010)  
   – Primary heating: district heating (“Fjärrvärme”)  

2. Motala (Building ID 05-83-RAEFSAN5-1, EPC version 2023, approved 2024-09-19)  
   – Primary heating: air-to-water heat pump  

3. Kristinehamn (Building ID 17-81-BONDEN9-1, EPC version 2019)  
   – Primary heating: air-to-water heat pump  

If you are in the Stockholm building, your system is district heating. In the Motala and Kristinehamn buildings the latest EPCs show an air-to-water heat pump as the main heating source.

Note: Some building details may be outdated because I could not confirm how recent the underlying energy-declaration data is. I do not have confirmed data for: ventilation_type, electricity_use, energy_declaration_year, renovation_information.","SQL fields used (n=214): 01a_fnr, 50a_deso, 50a_husnridmerge, 50a_uuid, byggnadsid, district_heating_use, energy_class, energy_performance, epc_antalbyggdek_calc, epc_antalgamladek_calc, epc_egenantalbolgh, epc_egenantalkallarplan",pass,9.75,10,10,10,9,True,False,True
BRF_ODEN_10_RADMANSGATAN_31_001_HEATING,building_specific,What is the heating system in my building?,"According to the most recent energy performance certificate (version 2023) for your building (Building ID 05-83-RAEFSAN5-1), the primary heating system is an air-to-water heat pump. No district heating is used.

Note: Some building details may be outdated because I could not confirm how recent the underlying energy-declaration data is. I do not have confirmed data for: ventilation_type, electricity_use, energy_declaration_year, renovation_information.","SQL fields used (n=214): 01a_fnr, 50a_deso, 50a_husnridmerge, 50a_uuid, byggnadsid, district_heating_use, energy_class, energy_performance, epc_antalbyggdek_calc, epc_antalgamladek_calc, epc_egenantalbolgh, epc_egenantalkallarplan",pass,10.0,10,10,10,10,True,False,True
BRF_ODEN_10_RADMANSGATAN_31_001_PERFORMANCE,building_specific,What is the energy performance of my building?,"Based on the latest energy declaration for your property (Building ID 05-83-RAEFSAN5-1), the key figures are:

• Energy performance (EPC “egienergiprestanda”): 75 kWh/m²·year  
• Energy class (“egienergiklass”): C  
• Specific energy use (“egispecifikenergianvandning”): 42 kWh/m²·year  
• Total delivered energy (“egienergianvandning”): 7 171 kWh/year  
• Primary energy use (“egiprimarenergianvandning”): 12 908 kWh/year  

This certificate (version 3.0) was approved on 2024-09-19 and reflects the building’s overall energy efficiency under the current Swedish EPC system.

Note: Some building details may be outdated because I could not confirm how recent the underlying energy-declaration data is. I do not have confirmed data for: ventilation_type, electricity_use, energy_declaration_year, renovation_information.","SQL fields used (n=214): 01a_fnr, 50a_deso, 50a_husnridmerge, 50a_uuid, byggnadsid, district_heating_use, energy_class, energy_performance, epc_antalbyggdek_calc, epc_antalgamladek_calc, epc_egenantalbolgh, epc_egenantalkallarplan",pass,10.0,10,10,10,10,True,False,True
BRF_ODEN_10_RADMANSGATAN_31_002_HEATING,building_specific,What is the heating system in my building?,"According to the latest energy declaration for your property (Building ID 05-83-RAEFSAN5-1), the primary heating system is an air-to-water heat pump.  There is no district-heating connection (district_heating_use = 0).

Note: Some building details may be outdated because I could not confirm how recent the underlying energy-declaration data is. I do not have confirmed data for: ventilation_type, electricity_use, energy_declaration_year, renovation_information.","SQL fields used (n=214): 01a_fnr, 50a_deso, 50a_husnridmerge, 50a_uuid, byggnadsid, district_heating_use, energy_class, energy_performance, epc_antalbyggdek_calc, epc_antalgamladek_calc, epc_egenantalbolgh, epc_egenantalkallarplan",pass,10.0,10,10,10,10,True,False,True
BRF_ODEN_10_RADMANSGATAN_31_002_PERFORMANCE,building_specific,What is the energy performance of my building?,"Based on the latest EPC for your property (Building ID 17-81-BONDEN9-1), approved 2019-04-11 (EPC version 2.6):

• Heated floor area (Atemp): 280 m²  
• Total annual energy use: 22 914 kWh (heating, hot water and electricity)  
• Specific energy performance: 109 kWh/m²·year  
• Energy class: D  

In other words, your building consumes 109 kWh per square metre and year, placing it in energy class D.

Note: Some building details may be outdated because I could not confirm how recent the underlying energy-declaration data is. I do not have confirmed data for: ventilation_type, electricity_use, energy_declaration_year, renovation_information.","SQL fields used (n=214): 01a_fnr, 50a_deso, 50a_husnridmerge, 50a_uuid, byggnadsid, district_heating_use, energy_class, energy_performance, epc_antalbyggdek_calc, epc_antalgamladek_calc, epc_egenantalbolgh, epc_egenantalkallarplan",pass,10.0,10,10,10,10,True,False,True
BRF_ODEN_10_RADMANSGATAN_31_004_HEATING,building_specific,What is the heating system in my building?,"Based on your building’s most recent Energy Performance Certificate (EPC), the main heating system is an air-to-water heat pump.  In the EPC data (version 3.0, approved 2024-09-19) you’ll see:

• “Huvudsaklig uppvärmning” (primary heating) is listed as PumpLuftVatten, i.e. an air-to-water heat pump.  
• No district heating is used (district_heating_use = 0).  
• All space-heating demand (5 288 kWh/year) is supplied by this pump.  

This system extracts heat from the outside air and transfers it into water that circulates through your radiators (or underfloor heating). Your building’s overall energy class is C, with a primary energy performance of 75 kWh/m²·year.

Note: Some building details may be outdated because I could not confirm how recent the underlying energy-declaration data is. I do not have confirmed data for: ventilation_type, electricity_use, energy_declaration_year, renovation_information.","SQL fields used (n=214): 01a_fnr, 50a_deso, 50a_husnridmerge, 50a_uuid, byggnadsid, district_heating_use, energy_class, energy_performance, epc_antalbyggdek_calc, epc_antalgamladek_calc, epc_egenantalbolgh, epc_egenantalkallarplan",pass,10.0,10,10,10,10,True,False,True
BRF_ODEN_10_RADMANSGATAN_31_004_PERFORMANCE,building_specific,What is the energy performance of my building?,"Based on the latest energy performance certificate for your building (approved 2024-09-19), your building’s energy performance is:

• Energy Performance (EPC “energiprestanda”): 75 kWh/m²·year  
• Energy Class (EPC “energiklass”): C  

Additional key figures from that certificate:  
• Heated floor area (Atemp): 171 m²  
• Total annual delivered energy: 7 171 kWh  
• Specific delivered energy: 42 kWh/m²·year  
• Primary energy use: 12 908 kWh·year  
• Main heating system: air-to-water heat pump  

This certificate is the most recent one on record and supersedes earlier EPCs.

Note: Some building details may be outdated because I could not confirm how recent the underlying energy-declaration data is. I do not have confirmed data for: ventilation_type, electricity_use, energy_declaration_year, renovation_information.","SQL fields used (n=214): 01a_fnr, 50a_deso, 50a_husnridmerge, 50a_uuid, byggnadsid, district_heating_use, energy_class, energy_performance, epc_antalbyggdek_calc, epc_antalgamladek_calc, epc_egenantalbolgh, epc_egenantalkallarplan",pass,10.0,10,10,10,10,True,False,True
DEMO_EXTRA_GEN_002,generic,What should a building board check before installing solar panels?,"Before moving forward with a rooftop solar‐panel installation, a housing association board (bostadsrättsförening or samfällighet) should systematically check the following areas:

1. Legal & Regulatory Compliance  
   • Ownership and governance  
     – Confirm that the association’s statutes (stadgar) and any co-ownership agreements permit installation of equipment on common property (tak, fasad).  
     – Obtain a formal decision at a members’ meeting if required.  
   • Building and planning permits  
     – Check with the local municipality (kommun) whether a bygglov (planning/building permit) or an anmälan (notification) is needed.  
     – Investigate heritage or neighborhood restrictions (e.g. if the building is in a k-märkt area).  
   • Grid connection agreement  
     – Contact your local network operator (nätägare) to secure the right to feed surplus electricity into the grid and to confirm any grid-reinforcement costs.

2. Structural & Technical Feasibility  
   • Roof cond",(no evidence retrieved),pass,10.0,,10,10,10,True,False,False
DEMO_EXTRA_GEN_003,generic,How can an apartment building reduce energy used for domestic hot water?,"Here are several proven strategies an apartment building can use to reduce the energy consumption associated with domestic hot water (DHW).  Depending on your building’s size, age and existing energy class (EPC_egienergiklass), some measures may be more cost-effective than others.  

1. Upgrade the Heat‐Generation System  
  • Install a high‐efficiency condensing boiler or district heating substation with plate-heat exchangers.  
  • Consider a central heat‐pump system (air-source or ground-source) dedicated to DHW. Modern heat pumps can achieve COPs (coefficients of performance) of 3–4, meaning they deliver three to four times more thermal energy than the electrical energy they consume.  
  • Integrate solar thermal collectors on the roof to pre-heat water—this can cover 20–60 % of annual DHW demand depending on system size and insolation.  

2. Recover Waste Heat  
  • Install a drain‐water heat recovery unit (“heat pipe” or “cross‐flow” exchanger) in main soil‐stack risers. These ty",(no evidence retrieved),pass,10.0,,10,10,10,True,False,False
DEMO_EXTRA_GEN_004,generic,What does ventilation balancing mean for energy use?,"Ventilation balancing (sometimes called “air-flow balancing” or “commissioning of ventilation”) is the process of measuring, adjusting and fine-tuning the supply and exhaust air flows in a mechanical ventilation system so that each room or zone receives exactly the amount of fresh air it needs—or no more—according to design specifications. Proper balancing typically involves:

 • Measuring air-flow rates at diffusers, grilles and ductwork  
 • Adjusting dampers, fan speeds or inverter drives to achieve target flow rates  
 • Verifying that supply and exhaust flows are equal (or intentionally offset, in the case of slight over- or under-pressure strategies)  
 • Ensuring that heat-recovery units operate at their rated efficiency  

Impact on energy use  
 1. Reduced heating and cooling losses  
    – If a system is over-ventilating (too much fresh air), it forces extra cold air in during winter (or hot air in during summer), increasing the building’s heating or cooling demand. Balancing",(no evidence retrieved),pass,9.666666666666666,,10,10,9,True,False,False
DEMO_EXTRA_GEN_005,generic,Is lowering the indoor temperature a useful energy-saving measure?,"Yes. Lowering your indoor temperature is one of the simplest and most effective ways to reduce heating energy use. Every degree you turn your thermostat down typically cuts your heating consumption by about 5–10 %. Here are a few pointers:  
• Energy savings per degree  
  – On average, a 1 °C reduction in room temperature yields roughly 5 % lower heat demand.  
  – If you normally keep living areas at 21 °C, dropping to 20 °C can cut your bill noticeably over the heating season.  

• Recommended temperature settings  
  – Daytime in living rooms: around 20 °C  
  – Bedrooms/nighttime: 16–18 °C (you can use warmer bedding or a programmable setback)  
  – Unoccupied rooms can often be set 2–3 °C lower without comfort issues.  

• How to implement  
  – Install programmable or smart thermostatic radiator valves so temperatures automatically drop when you’re asleep or away.  
  – Use zoning to heat only the rooms you actually use.  
  – Combine temperature setbacks with proper insulation,",(no evidence retrieved),pass,10.0,,10,10,10,True,False,False
DEMO_EXTRA_GEN_006,generic,How should a BRF board prioritize energy measures when the budget is limited?,"When a BRF (bostadsrättsförening) has only limited funds for energy improvements, it becomes essential to focus on measures that deliver the greatest savings per krona invested, spread the work in logical phases and—wherever possible—tap into external funding. Below is a step-by-step approach:

1. Establish an energy baseline  
   • If you have an up-to-date EPC (Energideklaration), note the current energy class (epc_egienergiklass).  
   • Commission or update a simple energy audit: measure current consumption, identify major losses (heating, ventilation, lighting).

2. Identify and rank “low-hanging fruit”  
   • Lighting upgrades (LEDs + presence sensors) often repay within 1–2 years.  
   • Thermostat setback and radiator balancing can cut heating costs by 5–10 %.  
   • Weather-strip doors and windows to reduce drafts.  
   • Optimize ventilation system controls (e.g. install demand-controlled fans).

3. Prepare a cost-benefit matrix  
   For each proposed measure, estimate:  
   ",(no evidence retrieved),pass,9.666666666666666,,10,10,9,True,False,False
DEMO_EXTRA_COMB_001,combined,"For Teknikringen 78B in Stockholm, what should we prioritize to improve energy efficiency?","To identify the single most effective next step for Teknikringen 78B, you first need to consult its most recent Energy Performance Certificate (EPC) – in particular the “epc_egienergiklass” value – so you know precisely where the building sits on the A–G scale. Once you have that baseline, here are the priorities in order of typical payback and impact:

1. Review the EPC and/or carry out a detailed energy audit  
   • Confirm the current energy class (epc_egienergiklass), heated floor area (epc_egenatemp), number of floors (epc_egenantalplan) and any notes on deficiencies.  
   • Identify the largest sources of heat loss (walls, roof, windows, ventilation).

2. Improve the thermal envelope  
   • Insulate external walls and the roof/attic. Upgrading to at least 30–40 cm of high-performance insulation can reduce heat loss by 25–35 %.  
   • Replace or retrofit single- or poorly performing double-glazed windows with modern low-E, argon-filled units.  
   • Seal air leaks around doors, wi",(no evidence retrieved),pass,9.333333333333334,,9,10,9,True,False,False
DEMO_EXTRA_COMB_002,combined,"For Professorsslingan 49 in Stockholm, are there energy measures we should investigate first?","To identify the most cost-effective first steps at Professorsslingan 49, you should begin by reviewing its energy performance certificate (especially the latest epc_egienergiklass). Absent that data, the following measures are typically the highest-priority for multi-family residential buildings in Stockholm:

1. Building-envelope improvements  
   • Check existing insulation levels in exterior walls, roof and floor slabs.  
   • Seal air leaks (e.g. around penetrations, windows and doors) to improve airtightness.  

2. Window and door upgrades  
   • Inspect U-values of current glazing; consider replacing single or double glazing with high-performance triple glazing.  
   • Ensure proper installation details to avoid thermal bridges.  

3. Ventilation with heat recovery  
   • If only natural or exhaust-only ventilation is installed, investigate a mechanical ventilation system with heat recovery (MVHR/FTX).  
   • This can recover 60–90 % of heat from exhaust air and significantly red",(no evidence retrieved),pass,9.333333333333334,,9,10,9,True,False,False
